old_path,new_path,match,note
/abcd/,/insights/abcd.html,exact,article
/acquisition-sale-of-shares-by-overseas-entity-in-india/,/insights/acquisition-sale-of-shares-by-overseas-entity-in-india.html,exact,article
/addressing-valuation-and-financial-disagreements-building-harmony-for-a-sustainable-partnership/,/insights/addressing-valuation-and-financial-disagreements-building-harmony-for-a-sustainable-partnership.html,exact,article
/agreements-contracts-and-its-importance-for-business-transaction/,/insights/agreements-contracts-and-its-importance-for-business-transaction.html,exact,article
/an-fssai-advisory-issued-on-3rd-april-2024-asked-all-e-commerce-food-business-operators-fbos-to-remove-certain-drinks-from-the-health-drinks-and-energy-drinks-categorisation-on-their-website/,/insights/an-fssai-advisory-issued-on-3rd-april-2024-asked-all-e-commerce-food-business-operators-fbos-to-remove-certain-drinks-from-the-health-drinks-and-energy-drinks-categorisation-on-their-website.html,exact,article
/analysis-of-new-cryptocurrency-bill/,/insights/analysis-of-new-cryptocurrency-bill.html,exact,article
/appointment-of-overseas-distribution-fema-rules-regulations/,/insights/appointment-of-overseas-distribution-fema-rules-regulations.html,exact,article
/arbitration-shall-not-negate-the-remedy-provided-under-the-consumer-protection-act-1986/,/insights/arbitration-shall-not-negate-the-remedy-provided-under-the-consumer-protection-act-1986.html,exact,article
/biodiesel-and-soap-manufacturing-startups-which-take-used-cooking-oil-from-food-business-operators-to-comply-with-registration-and-further-orders-and-notifications/,/insights/biodiesel-and-soap-manufacturing-startups-which-take-used-cooking-oil-from-food-business-operators-to-comply-with-registration-and-further-orders-and-notifications.html,exact,article
/brand-loyalty-indian-consumers-preferences/,/insights/brand-loyalty-indian-consumers-preferences.html,exact,article
/case-studies-2/,/insights/case-studies-2.html,exact,article
/case-studies-3/,/insights/case-studies-3.html,exact,article
/case-studies/,/insights/case-studies.html,exact,article
/criminal-provisions-under-electricity-laws-in-india/,/insights/criminal-provisions-under-electricity-laws-in-india.html,exact,article
/debt-management-and-insolvency-in-dubai-protecting-your-business/,/insights/debt-management-and-insolvency-in-dubai-protecting-your-business.html,exact,article
/digital-lending/,/insights/digital-lending.html,exact,article
/final-note-on-gift/,/insights/final-note-on-gift.html,exact,article
/fssai-license-process-and-procedure/,/insights/fssai-license-process-and-procedure.html,exact,article
/fssai-notified-revised-list-of-laboratories-for-testing-of-fortificants/,/insights/fssai-notified-revised-list-of-laboratories-for-testing-of-fortificants.html,exact,article
/fssai-notifies-advisory-for-selling-or-marketing-of-fruit-juices-with-non-standardized-ingredients/,/insights/fssai-notifies-advisory-for-selling-or-marketing-of-fruit-juices-with-non-standardized-ingredients.html,exact,article
/guidelines-for-committee-of-creditors/,/insights/guidelines-for-committee-of-creditors.html,exact,article
/in-view-of-transition-of-mca-21-portal-the-delay-fee-in-filing-forms-under-section-124-and-125-of-companies-act-2013-read-with-lepfa-rules-2016-has-been-waived-until-16th-august-2024-here-is-why/,/insights/in-view-of-transition-of-mca-21-portal-the-delay-fee-in-filing-forms-under-section-124-and-125-of-companies-act-2013-read-with-lepfa-rules-2016-has-been-waived-until-16th-august-2024-here-is-why.html,exact,article
/indian-real-estate-in-dubai-building-a-solid-legal-foundation/,/insights/indian-real-estate-in-dubai-building-a-solid-legal-foundation.html,exact,article
/indian-tech-startups-in-dubai-legal-playbook-for-success/,/insights/indian-tech-startups-in-dubai-legal-playbook-for-success.html,exact,article
/interplay-of-rera-cpa-and-nclt-for-homebuyers/,/insights/interplay-of-rera-cpa-and-nclt-for-homebuyers.html,exact,article
/is-it-practical-as-home-buyer-to-invoke-ibc/,/insights/is-it-practical-as-home-buyer-to-invoke-ibc.html,exact,article
/key-features-of-spice-for-greater-ease-of-doing-business/,/insights/key-features-of-spice-for-greater-ease-of-doing-business.html,exact,article
/made-in-india-sold-in-dubai-a-legal-roadmap-for-indian-manufacturing-smes-expanding-in-dubai/,/insights/made-in-india-sold-in-dubai-a-legal-roadmap-for-indian-manufacturing-smes-expanding-in-dubai.html,exact,article
/navigating-labour-laws-in-dubai-a-guide-for-indian-businesses/,/insights/navigating-labour-laws-in-dubai-a-guide-for-indian-businesses.html,exact,article
/outgrowing-your-template-revise-termination-clauses-for-growth/,/insights/outgrowing-your-template-revise-termination-clauses-for-growth.html,exact,article
/popular-measures-vs-indian-stock-market/,/insights/popular-measures-vs-indian-stock-market.html,exact,article
/preventing-shareholder-disputes-through-clear-agreements/,/insights/preventing-shareholder-disputes-through-clear-agreements.html,exact,article
/reduction-of-capital-process-and-problems/,/insights/reduction-of-capital-process-and-problems.html,exact,article
/separate-bank-account-required-for-maharashtra-rera-projects-registered-after-1st-july-2024/,/insights/separate-bank-account-required-for-maharashtra-rera-projects-registered-after-1st-july-2024.html,exact,article
/ssai-introduces-tatkal-license-registration-issuance-for-select-food-businesses/,/insights/ssai-introduces-tatkal-license-registration-issuance-for-select-food-businesses.html,exact,article
/the-plight-of-being-a-statutory-auditor/,/insights/the-plight-of-being-a-statutory-auditor.html,exact,article
/understanding-nutritional-information-regulations-in-the-fmcg-sector/,/insights/understanding-nutritional-information-regulations-in-the-fmcg-sector.html,exact,article
/unveiling-the-pillars-of-corporate-governance-in-india-a-blueprint-for-indian-businesses/,/insights/unveiling-the-pillars-of-corporate-governance-in-india-a-blueprint-for-indian-businesses.html,exact,article
/about-ab-initio-india/,/about.html,exact,page
/accessibility-statement/,/accessibility-statement.html,exact,page
/blog/,/insights.html,exact,page
/contact-us/,/contact.html,exact,page
/cookie-policy/,/cookie-policy.html,exact,page
/disclaimer/,/disclaimer.html,exact,page
/faq/,/faq.html,exact,page
/our-mentors/,/mentors.html,exact,page
/our-services/,/services.html,exact,page
/our-team/,/team.html,exact,page
/privacy-policy/,/privacy-policy.html,exact,page
/registration/,/contact.html,exact,page
/terms-of-use/,/terms-of-use.html,exact,page
/testimonials/,/about.html,exact,page
/our-services/corporate-laws-advisory/,/services.html,exact,service not on new site – closest page
/our-services/due-diligence/,/services.html,exact,service not on new site – closest page
/our-services/funds-raising/,/services.html,exact,service not on new site – closest page
/our-services/insolvency-resolution-services/,/services.html,exact,service not on new site – closest page
/our-services/litigation-strategy/,/services.html,exact,service not on new site – closest page
/our-services/pre-ipo-strategy/,/services.html,exact,service not on new site – closest page
/our-services/secretarial-advisory/,/services.html,exact,service not on new site – closest page
/our-services/strategic-tie-ups/,/services.html,exact,service not on new site – closest page
/our-services/valuation-advice/,/services.html,exact,service not on new site – closest page
/our-services/business-advocacy/,/services/business-advocacy.html,exact,service page
/our-services/capital-market-services/,/services/capital-market-services.html,exact,service page
/our-services/india-entry-strategy/,/services/india-entry-strategy.html,exact,service page
/our-services/mergers-acquisitions/,/services/mergers-acquisitions.html,exact,service page
/our-services/regulatory-practice-advisory/,/services/regulatory-practice-advisory.html,exact,service page
/our-services/strategic-advisory/,/services/strategic-advisory.html,exact,service page
/our-services/structure-advisory/,/services/structure-advisory.html,exact,service page
/our-services/transaction-advisory/,/services/transaction-advisory.html,exact,service page
/amit-manchanda/,/team.html,exact,team member profile
/atul-gupta/,/team.html,exact,team member profile
/atul-upadhayay/,/team.html,exact,team member profile
/deepak-shankar/,/team.html,exact,team member profile
/meher-tandon/,/team.html,exact,team member profile
/neeraj-khanna/,/team.html,exact,team member profile
/shaily-chauhan/,/team.html,exact,team member profile
/taniya-malhotra/,/team.html,exact,team member profile
/vandana-soin/,/team.html,exact,team member profile
/blog/page/,/insights.html,prefix,blog pagination
/category/,/insights.html,prefix,category archives
/tag/,/insights.html,prefix,tag archives
/portfolio/,/,prefix,theme demo pages
/project-type/,/,prefix,theme demo pages
